experiment_id,task,dataset,seed,split_summary,horizon,window_size,model_summary,features_summary,scaler,optimizer,lr,epochs_trained,best_val_mae,best_val_rmse,best_val_mape,test_mae,test_rmse,test_mape,notes
B1,forecasting,S12-hw-dataset.csv,42,"temporal split without shuffle:
train: [2025-01-01 ... 2025-05-06] (3024 rows, 70%)
validation: [2025-05-07 ... 2025-06-02] (648 rows, 15%)
test: [2025-06-03 ... 2025-06-29] (648 rows, 15%)

split performed chronologically to avoid leakage from future to past",1,,naive-last,last observed target only,none,,,,6.444814814814815,8.20102295260389,4.39792166354992,,,,baseline without training
B2,forecasting,S12-hw-dataset.csv,42,"temporal split without shuffle:
train: [2025-01-01 ... 2025-05-06] (3024 rows, 70%)
validation: [2025-05-07 ... 2025-06-02] (648 rows, 15%)
test: [2025-06-03 ... 2025-06-29] (648 rows, 15%)

split performed chronologically to avoid leakage from future to past",1,7.0,moving-average,mean of previous 7 target values,none,,,,12.702012786596118,15.217644526713752,8.81686403093607,,,,baseline without training
B3,forecasting,S12-hw-dataset.csv,42,"temporal split without shuffle:
train: [2025-01-01 ... 2025-05-06] (3024 rows, 70%)
validation: [2025-05-07 ... 2025-06-02] (648 rows, 15%)
test: [2025-06-03 ... 2025-06-29] (648 rows, 15%)

split performed chronologically to avoid leakage from future to past",1,14.0,ridge-lag-features,"lag_1, lag_7, lag_14, rolling_mean_7, rolling_std_7, day_of_week",StandardScaler fit on train only,,,,7.188729774210055,8.73228185697505,4.7966889202939855,,,,ridge on lag and rolling features
R1,forecasting,S12-hw-dataset.csv,42,"temporal split without shuffle:
train: [2025-01-01 ... 2025-05-06] (3024 rows, 70%)
validation: [2025-05-07 ... 2025-06-02] (648 rows, 15%)
test: [2025-06-03 ... 2025-06-29] (648 rows, 15%)

split performed chronologically to avoid leakage from future to past",1,14.0,"GRU(hidden_size=64, num_layers=1)",window of past target values only,StandardScaler fit on train only,Adam,0.001,4.0,6.180912337238723,7.80400598370826,4.190494579925181,6.4451253691131996,8.201445025322863,4.202390660919093,best model selected by validation MAE
